,max_runtime,seed,itterations,ants,alpha,beta,rho,Q,tau0,exit_status,path
0,120,69,500,10.0,2.0,3.0,0.99,0.2,0.0001,"Improvement limit
",128825
1,120,69,500,57.0,2.0,3.0,0.99,0.2,0.0001,"Time limit
",120868
2,120,69,500,103.0,2.0,3.0,0.99,0.2,0.0001,"Time limit
",125657
3,120,69,500,150.0,2.0,3.0,0.99,0.2,0.0001,"Time limit
",124770
4,120,69,500,197.0,2.0,3.0,0.99,0.2,0.0001,"Time limit
",126395
5,120,69,500,243.0,2.0,3.0,0.99,0.2,0.0001,"Time limit
",126487
6,120,69,500,290.0,2.0,3.0,0.99,0.2,0.0001,"Time limit
",125212
7,120,69,500,337.0,2.0,3.0,0.99,0.2,0.0001,"Time limit
",125682
8,120,69,500,383.0,2.0,3.0,0.99,0.2,0.0001,"Time limit
",126852
9,120,69,500,430.0,2.0,3.0,0.99,0.2,0.0001,"Time limit
",128900
10,120,69,500,30.0,0.5,0.5,0.99,0.2,0.0001,"Improvement limit
",1422081
11,120,69,500,30.0,0.5,1.0,0.99,0.2,0.0001,"Improvement limit
",972129
12,120,69,500,30.0,0.5,1.5,0.99,0.2,0.0001,"Time limit
",372724
13,120,69,500,30.0,0.5,2.0,0.99,0.2,0.0001,"Improvement limit
",267681
14,120,69,500,30.0,0.5,2.5,0.99,0.2,0.0001,"Time limit
",179608
15,120,69,500,30.0,0.5,3.0,0.99,0.2,0.0001,"Improvement limit
",174854
16,120,69,500,30.0,0.5,3.5,0.99,0.2,0.0001,"Improvement limit
",157406
17,120,69,500,30.0,0.5,4.0,0.99,0.2,0.0001,"Improvement limit
",150352
18,120,69,500,30.0,1.0,0.5,0.99,0.2,0.0001,"Improvement limit
",1423685
19,120,69,500,30.0,1.0,1.0,0.99,0.2,0.0001,"Time limit
",420042
20,120,69,500,30.0,1.0,1.5,0.99,0.2,0.0001,"Time limit
",201096
21,120,69,500,30.0,1.0,2.0,0.99,0.2,0.0001,"Improvement limit
",182418
22,120,69,500,30.0,1.0,2.5,0.99,0.2,0.0001,"Time limit
",146251
23,120,69,500,30.0,1.0,3.0,0.99,0.2,0.0001,"Improvement limit
",151256
24,120,69,500,30.0,1.0,3.5,0.99,0.2,0.0001,"Improvement limit
",146516
25,120,69,500,30.0,1.0,4.0,0.99,0.2,0.0001,"Improvement limit
",133289
26,120,69,500,30.0,1.5,0.5,0.99,0.2,0.0001,"Improvement limit
",1435941
27,120,69,500,30.0,1.5,1.0,0.99,0.2,0.0001,"Improvement limit
",962323
28,120,69,500,30.0,1.5,1.5,0.99,0.2,0.0001,"Time limit
",142193
29,120,69,500,30.0,1.5,2.0,0.99,0.2,0.0001,"Time limit
",130980
30,120,69,500,30.0,1.5,2.5,0.99,0.2,0.0001,"Time limit
",125326
31,120,69,500,30.0,1.5,3.0,0.99,0.2,0.0001,"Improvement limit
",125492
32,120,69,500,30.0,1.5,3.5,0.99,0.2,0.0001,"Improvement limit
",124341
33,120,69,500,30.0,1.5,4.0,0.99,0.2,0.0001,"Improvement limit
",125177
34,120,69,500,30.0,2.0,0.5,0.99,0.2,0.0001,"Improvement limit
",1435089
35,120,69,500,30.0,2.0,1.0,0.99,0.2,0.0001,"Time limit
",137489
36,120,69,500,30.0,2.0,1.5,0.99,0.2,0.0001,"Time limit
",121526
37,120,69,500,30.0,2.0,2.0,0.99,0.2,0.0001,"Time limit
",125363
38,120,69,500,30.0,2.0,2.5,0.99,0.2,0.0001,"Time limit
",119630
39,120,69,500,30.0,2.0,3.0,0.99,0.2,0.0001,"Improvement limit
",122526
40,120,69,500,30.0,2.0,3.5,0.99,0.2,0.0001,"Improvement limit
",118800
41,120,69,500,30.0,2.0,4.0,0.99,0.2,0.0001,"Improvement limit
",122212
42,120,69,500,30.0,2.5,0.5,0.99,0.2,0.0001,"Improvement limit
",1409937
43,120,69,500,30.0,2.5,1.0,0.99,0.2,0.0001,"Time limit
",129740
44,120,69,500,30.0,2.5,1.5,0.99,0.2,0.0001,"Time limit
",125174
45,120,69,500,30.0,2.5,2.0,0.99,0.2,0.0001,"Improvement limit
",130260
46,120,69,500,30.0,2.5,2.5,0.99,0.2,0.0001,"Improvement limit
",124802
47,120,69,500,30.0,2.5,3.0,0.99,0.2,0.0001,"Improvement limit
",121416
48,120,69,500,30.0,2.5,3.5,0.99,0.2,0.0001,"Improvement limit
",120705
49,120,69,500,30.0,2.5,4.0,0.99,0.2,0.0001,"Improvement limit
",120706
50,120,69,500,30.0,3.0,0.5,0.99,0.2,0.0001,"Improvement limit
",1421241
51,120,69,500,30.0,3.0,1.0,0.99,0.2,0.0001,"Improvement limit
",125979
52,120,69,500,30.0,3.0,1.5,0.99,0.2,0.0001,"Improvement limit
",129062
53,120,69,500,30.0,3.0,2.0,0.99,0.2,0.0001,"Improvement limit
",129562
54,120,69,500,30.0,3.0,2.5,0.99,0.2,0.0001,"Improvement limit
",123287
55,120,69,500,30.0,3.0,3.0,0.99,0.2,0.0001,"Improvement limit
",126702
56,120,69,500,30.0,3.0,3.5,0.99,0.2,0.0001,"Improvement limit
",121202
57,120,69,500,30.0,3.0,4.0,0.99,0.2,0.0001,"Improvement limit
",120883
58,120,69,500,30.0,3.5,0.5,0.99,0.2,0.0001,"Time limit
",151181
59,120,69,500,30.0,3.5,1.0,0.99,0.2,0.0001,"Improvement limit
",133614
60,120,69,500,30.0,3.5,1.5,0.99,0.2,0.0001,"Improvement limit
",124968
61,120,69,500,30.0,3.5,2.0,0.99,0.2,0.0001,"Improvement limit
",125751
62,120,69,500,30.0,3.5,2.5,0.99,0.2,0.0001,"Improvement limit
",127484
63,120,69,500,30.0,3.5,3.0,0.99,0.2,0.0001,"Improvement limit
",122517
64,120,69,500,30.0,3.5,3.5,0.99,0.2,0.0001,"Improvement limit
",120793
65,120,69,500,30.0,3.5,4.0,0.99,0.2,0.0001,"Improvement limit
",121358
66,120,69,500,30.0,4.0,0.5,0.99,0.2,0.0001,"Improvement limit
",1431996
67,120,69,500,30.0,4.0,1.0,0.99,0.2,0.0001,"Improvement limit
",135895
68,120,69,500,30.0,4.0,1.5,0.99,0.2,0.0001,"Improvement limit
",127097
69,120,69,500,30.0,4.0,2.0,0.99,0.2,0.0001,"Improvement limit
",129090
70,120,69,500,30.0,4.0,2.5,0.99,0.2,0.0001,"Improvement limit
",126856
71,120,69,500,30.0,4.0,3.0,0.99,0.2,0.0001,"Improvement limit
",125113
72,120,69,500,30.0,4.0,3.5,0.99,0.2,0.0001,"Improvement limit
",126748
73,120,69,500,30.0,4.0,4.0,0.99,0.2,0.0001,"Improvement limit
",120011
74,120,69,500,30.0,2.0,3.0,0.6400000000000001,0.2,0.0001,"Improvement limit
",127320
75,120,69,500,30.0,2.0,3.0,0.6725210478254342,0.2,0.0001,"Improvement limit
",124904
76,120,69,500,30.0,2.0,3.0,0.7066946246378438,0.2,0.0001,"Improvement limit
",125898
77,120,69,500,30.0,2.0,3.0,0.7426047022719447,0.2,0.0001,"Improvement limit
",131853
78,120,69,500,30.0,2.0,3.0,0.7803395195187859,0.2,0.0001,"Improvement limit
",127355
79,120,69,500,30.0,2.0,3.0,0.8199917989474527,0.2,0.0001,"Improvement limit
",125518
80,120,69,500,30.0,2.0,3.0,0.8616589747443807,0.2,0.0001,"Improvement limit
",130514
81,120,69,500,30.0,2.0,3.0,0.9054434321301255,0.2,0.0001,"Improvement limit
",124267
82,120,69,500,30.0,2.0,3.0,0.9514527589418899,0.2,0.0001,"Improvement limit
",123155
83,120,69,500,30.0,2.0,3.0,0.9998000100000001,0.2,0.0001,"Improvement limit
",125897
84,120,69,500,30.0,2.0,3.0,0.99,0.1,0.0001,"Improvement limit
",122694
85,120,69,500,30.0,2.0,3.0,0.99,0.325,0.0001,"Improvement limit
",122930
86,120,69,500,30.0,2.0,3.0,0.99,0.55,0.0001,"Improvement limit
",119413
87,120,69,500,30.0,2.0,3.0,0.99,0.775,0.0001,"Improvement limit
",125772
88,120,69,500,30.0,2.0,3.0,0.99,1.0,0.0001,"Improvement limit
",120331
89,120,69,500,30.0,2.0,3.0,0.99,0.2,1.0,"Improvement limit
",210204
90,120,69,500,30.0,2.0,3.0,0.99,0.2,0.01,"Time limit
",169708
91,120,69,500,30.0,2.0,3.0,0.99,0.2,0.001,"Time limit
",125981
92,120,69,500,30.0,2.0,3.0,0.99,0.2,0.001,"Time limit
",125981
93,120,69,500,30.0,2.0,3.0,0.99,0.2,0.0001,"Improvement limit
",122526
94,120,69,500,10.0,2.0,3.5,0.99,0.2,0.0001,"Improvement limit
",121368
95,120,69,500,57.0,2.0,3.5,0.99,0.2,0.0001,"Time limit
",122054
96,120,69,500,103.0,2.0,3.5,0.99,0.2,0.0001,"Time limit
",121970
97,120,69,500,150.0,2.0,3.5,0.99,0.2,0.0001,"Time limit
",123237
98,120,69,500,197.0,2.0,3.5,0.99,0.2,0.0001,"Time limit
",122143
99,120,69,500,243.0,2.0,3.5,0.99,0.2,0.0001,"Time limit
",123486
100,120,69,500,290.0,2.0,3.5,0.99,0.2,0.0001,"Time limit
",124688
101,120,69,500,337.0,2.0,3.5,0.99,0.2,0.0001,"Time limit
",124073
102,120,69,500,383.0,2.0,3.5,0.99,0.2,0.0001,"Time limit
",125765
103,120,69,500,430.0,2.0,3.5,0.99,0.2,0.0001,"Time limit
",124132
104,120,69,500,57.0,0.5,0.5,0.99,0.2,0.0001,"Improvement limit
",1416257
105,120,69,500,57.0,0.5,1.0,0.99,0.2,0.0001,"Improvement limit
",1001621
106,120,69,500,57.0,0.5,1.5,0.99,0.2,0.0001,"Time limit
",449237
107,120,69,500,57.0,0.5,2.0,0.99,0.2,0.0001,"Time limit
",263421
108,120,69,500,57.0,0.5,2.5,0.99,0.2,0.0001,"Time limit
",202282
109,120,69,500,57.0,0.5,3.0,0.99,0.2,0.0001,"Time limit
",167431
110,120,69,500,57.0,0.5,3.5,0.99,0.2,0.0001,"Improvement limit
",154316
111,120,69,500,57.0,0.5,4.0,0.99,0.2,0.0001,"Improvement limit
",149327
112,120,69,500,57.0,1.0,0.5,0.99,0.2,0.0001,"Improvement limit
",1431063
113,120,69,500,57.0,1.0,1.0,0.99,0.2,0.0001,"Improvement limit
",991266
114,120,69,500,57.0,1.0,1.5,0.99,0.2,0.0001,"Time limit
",282301
115,120,69,500,57.0,1.0,2.0,0.99,0.2,0.0001,"Time limit
",184763
116,120,69,500,57.0,1.0,2.5,0.99,0.2,0.0001,"Time limit
",158733
117,120,69,500,57.0,1.0,3.0,0.99,0.2,0.0001,"Time limit
",144511
118,120,69,500,57.0,1.0,3.5,0.99,0.2,0.0001,"Improvement limit
",141216
119,120,69,500,57.0,1.0,4.0,0.99,0.2,0.0001,"Improvement limit
",138960
120,120,69,500,57.0,1.5,0.5,0.99,0.2,0.0001,"Improvement limit
",1403082
121,120,69,500,57.0,1.5,1.0,0.99,0.2,0.0001,"Time limit
",510930
122,120,69,500,57.0,1.5,1.5,0.99,0.2,0.0001,"Time limit
",187432
123,120,69,500,57.0,1.5,2.0,0.99,0.2,0.0001,"Time limit
",149499
124,120,69,500,57.0,1.5,2.5,0.99,0.2,0.0001,"Time limit
",130013
125,120,69,500,57.0,1.5,3.0,0.99,0.2,0.0001,"Time limit
",128502
126,120,69,500,57.0,1.5,3.5,0.99,0.2,0.0001,"Time limit
",122730
127,120,69,500,57.0,1.5,4.0,0.99,0.2,0.0001,"Time limit
",123557
128,120,69,500,57.0,2.0,0.5,0.99,0.2,0.0001,"Improvement limit
",1434040
129,120,69,500,57.0,2.0,1.0,0.99,0.2,0.0001,"Time limit
",257266
130,120,69,500,57.0,2.0,1.5,0.99,0.2,0.0001,"Time limit
",147725
131,120,69,500,57.0,2.0,2.0,0.99,0.2,0.0001,"Time limit
",130379
132,120,69,500,57.0,2.0,2.5,0.99,0.2,0.0001,"Time limit
",124296
133,120,69,500,57.0,2.0,3.0,0.99,0.2,0.0001,"Time limit
",120868
134,120,69,500,57.0,2.0,3.5,0.99,0.2,0.0001,"Time limit
",122054
135,120,69,500,57.0,2.0,4.0,0.99,0.2,0.0001,"Time limit
",122851
136,120,69,500,57.0,2.5,0.5,0.99,0.2,0.0001,"Time limit
",1231358
137,120,69,500,57.0,2.5,1.0,0.99,0.2,0.0001,"Time limit
",155287
138,120,69,500,57.0,2.5,1.5,0.99,0.2,0.0001,"Time limit
",132989
139,120,69,500,57.0,2.5,2.0,0.99,0.2,0.0001,"Time limit
",130012
140,120,69,500,57.0,2.5,2.5,0.99,0.2,0.0001,"Time limit
",124596
141,120,69,500,57.0,2.5,3.0,0.99,0.2,0.0001,"Time limit
",119416
142,120,69,500,57.0,2.5,3.5,0.99,0.2,0.0001,"Time limit
",121562
143,120,69,500,57.0,2.5,4.0,0.99,0.2,0.0001,"Time limit
",118894
144,120,69,500,57.0,3.0,0.5,0.99,0.2,0.0001,"Improvement limit
",1427559
145,120,69,500,57.0,3.0,1.0,0.99,0.2,0.0001,"Time limit
",142523
146,120,69,500,57.0,3.0,1.5,0.99,0.2,0.0001,"Time limit
",132061
147,120,69,500,57.0,3.0,2.0,0.99,0.2,0.0001,"Improvement limit
",138404
148,120,69,500,57.0,3.0,2.5,0.99,0.2,0.0001,"Time limit
",125605
149,120,69,500,57.0,3.0,3.0,0.99,0.2,0.0001,"Improvement limit
",121233
150,120,69,500,57.0,3.0,3.5,0.99,0.2,0.0001,"Improvement limit
",122652
151,120,69,500,57.0,3.0,4.0,0.99,0.2,0.0001,"Time limit
",120208
152,120,69,500,57.0,3.5,0.5,0.99,0.2,0.0001,"Improvement limit
",1394243
153,120,69,500,57.0,3.5,1.0,0.99,0.2,0.0001,"Time limit
",133259
154,120,69,500,57.0,3.5,1.5,0.99,0.2,0.0001,"Improvement limit
",131831
155,120,69,500,57.0,3.5,2.0,0.99,0.2,0.0001,"Time limit
",123147
156,120,69,500,57.0,3.5,2.5,0.99,0.2,0.0001,"Improvement limit
",129092
157,120,69,500,57.0,3.5,3.0,0.99,0.2,0.0001,"Improvement limit
",120363
158,120,69,500,57.0,3.5,3.5,0.99,0.2,0.0001,"Improvement limit
",123417
159,120,69,500,57.0,3.5,4.0,0.99,0.2,0.0001,"Improvement limit
",120761
160,120,69,500,57.0,4.0,0.5,0.99,0.2,0.0001,"Time limit
",686070
161,120,69,500,57.0,4.0,1.0,0.99,0.2,0.0001,"Time limit
",131279
162,120,69,500,57.0,4.0,1.5,0.99,0.2,0.0001,"Time limit
",125083
163,120,69,500,57.0,4.0,2.0,0.99,0.2,0.0001,"Improvement limit
",128298
164,120,69,500,57.0,4.0,2.5,0.99,0.2,0.0001,"Improvement limit
",120586
165,120,69,500,57.0,4.0,3.0,0.99,0.2,0.0001,"Improvement limit
",122855
166,120,69,500,57.0,4.0,3.5,0.99,0.2,0.0001,"Improvement limit
",119650
167,120,69,500,57.0,4.0,4.0,0.99,0.2,0.0001,"Improvement limit
",122987
168,120,69,500,57.0,2.0,3.5,0.6400000000000001,0.2,0.0001,"Improvement limit
",123573
169,120,69,500,57.0,2.0,3.5,0.6725210478254342,0.2,0.0001,"Improvement limit
",123928
170,120,69,500,57.0,2.0,3.5,0.7066946246378438,0.2,0.0001,"Improvement limit
",127076
171,120,69,500,57.0,2.0,3.5,0.7426047022719447,0.2,0.0001,"Improvement limit
",128917
172,120,69,500,57.0,2.0,3.5,0.7803395195187859,0.2,0.0001,"Improvement limit
",123576
173,120,69,500,57.0,2.0,3.5,0.8199917989474527,0.2,0.0001,"Improvement limit
",119921
174,120,69,500,57.0,2.0,3.5,0.8616589747443807,0.2,0.0001,"Improvement limit
",120815
175,120,69,500,57.0,2.0,3.5,0.9054434321301255,0.2,0.0001,"Improvement limit
",120944
176,120,69,500,57.0,2.0,3.5,0.9514527589418899,0.2,0.0001,"Improvement limit
",122570
177,120,69,500,57.0,2.0,3.5,0.9998000100000001,0.2,0.0001,"Time limit
",121347
178,120,69,500,57.0,2.0,3.5,0.99,0.1,0.0001,"Time limit
",119721
179,120,69,500,57.0,2.0,3.5,0.99,0.325,0.0001,"Improvement limit
",123672
180,120,69,500,57.0,2.0,3.5,0.99,0.55,0.0001,"Improvement limit
",122542
181,120,69,500,57.0,2.0,3.5,0.99,0.775,0.0001,"Time limit
",122441
182,120,69,500,57.0,2.0,3.5,0.99,1.0,0.0001,"Time limit
",120426
183,120,69,500,57.0,2.0,3.5,0.99,0.2,1.0,"Improvement limit
",181073
184,120,69,500,57.0,2.0,3.5,0.99,0.2,0.01,"Improvement limit
",179148
185,120,69,500,57.0,2.0,3.5,0.99,0.2,0.001,"Time limit
",136779
186,120,69,500,57.0,2.0,3.5,0.99,0.2,0.001,"Time limit
",136779
187,120,69,500,57.0,2.0,3.5,0.99,0.2,0.0001,"Time limit
",122054
188,120,69,500,10.0,2.0,3.5,0.99,0.2,0.0001,"Improvement limit
",121368
189,120,69,500,57.0,2.0,3.5,0.99,0.2,0.0001,"Time limit
",122054
190,120,69,500,103.0,2.0,3.5,0.99,0.2,0.0001,"Time limit
",121970
191,120,69,500,150.0,2.0,3.5,0.99,0.2,0.0001,"Time limit
",123237
192,120,69,500,197.0,2.0,3.5,0.99,0.2,0.0001,"Time limit
",122143
193,120,69,500,243.0,2.0,3.5,0.99,0.2,0.0001,"Time limit
",123486
194,120,69,500,290.0,2.0,3.5,0.99,0.2,0.0001,"Time limit
",124688
195,120,69,500,337.0,2.0,3.5,0.99,0.2,0.0001,"Time limit
",124073
196,120,69,500,383.0,2.0,3.5,0.99,0.2,0.0001,"Time limit
",125765
197,120,69,500,430.0,2.0,3.5,0.99,0.2,0.0001,"Time limit
",124132
198,120,69,500,57.0,0.5,0.5,0.99,0.2,0.0001,"Improvement limit
",1416257
199,120,69,500,57.0,0.5,1.0,0.99,0.2,0.0001,"Improvement limit
",1001621
200,120,69,500,57.0,0.5,1.5,0.99,0.2,0.0001,"Time limit
",449237
201,120,69,500,57.0,0.5,2.0,0.99,0.2,0.0001,"Time limit
",263421
202,120,69,500,57.0,0.5,2.5,0.99,0.2,0.0001,"Time limit
",202282
203,120,69,500,57.0,0.5,3.0,0.99,0.2,0.0001,"Time limit
",167431
204,120,69,500,57.0,0.5,3.5,0.99,0.2,0.0001,"Improvement limit
",154316
205,120,69,500,57.0,0.5,4.0,0.99,0.2,0.0001,"Improvement limit
",149327
206,120,69,500,57.0,1.0,0.5,0.99,0.2,0.0001,"Improvement limit
",1431063
207,120,69,500,57.0,1.0,1.0,0.99,0.2,0.0001,"Improvement limit
",991266
208,120,69,500,57.0,1.0,1.5,0.99,0.2,0.0001,"Time limit
",282301
209,120,69,500,57.0,1.0,2.0,0.99,0.2,0.0001,"Time limit
",184763
210,120,69,500,57.0,1.0,2.5,0.99,0.2,0.0001,"Time limit
",158733
211,120,69,500,57.0,1.0,3.0,0.99,0.2,0.0001,"Time limit
",144511
212,120,69,500,57.0,1.0,3.5,0.99,0.2,0.0001,"Improvement limit
",141216
213,120,69,500,57.0,1.0,4.0,0.99,0.2,0.0001,"Improvement limit
",138960
214,120,69,500,57.0,1.5,0.5,0.99,0.2,0.0001,"Improvement limit
",1403082
215,120,69,500,57.0,1.5,1.0,0.99,0.2,0.0001,"Time limit
",510930
216,120,69,500,57.0,1.5,1.5,0.99,0.2,0.0001,"Time limit
",187432
217,120,69,500,57.0,1.5,2.0,0.99,0.2,0.0001,"Time limit
",149499
218,120,69,500,57.0,1.5,2.5,0.99,0.2,0.0001,"Time limit
",130013
219,120,69,500,57.0,1.5,3.0,0.99,0.2,0.0001,"Time limit
",128502
220,120,69,500,57.0,1.5,3.5,0.99,0.2,0.0001,"Time limit
",122730
221,120,69,500,57.0,1.5,4.0,0.99,0.2,0.0001,"Time limit
",123557
222,120,69,500,57.0,2.0,0.5,0.99,0.2,0.0001,"Improvement limit
",1434040
223,120,69,500,57.0,2.0,1.0,0.99,0.2,0.0001,"Time limit
",268514
224,120,69,500,57.0,2.0,1.5,0.99,0.2,0.0001,"Time limit
",147725
225,120,69,500,57.0,2.0,2.0,0.99,0.2,0.0001,"Time limit
",130379
226,120,69,500,57.0,2.0,2.5,0.99,0.2,0.0001,"Time limit
",124296
227,120,69,500,57.0,2.0,3.0,0.99,0.2,0.0001,"Time limit
",120868
228,120,69,500,57.0,2.0,3.5,0.99,0.2,0.0001,"Time limit
",122054
229,120,69,500,57.0,2.0,4.0,0.99,0.2,0.0001,"Time limit
",122851
230,120,69,500,57.0,2.5,0.5,0.99,0.2,0.0001,"Time limit
",1231358
231,120,69,500,57.0,2.5,1.0,0.99,0.2,0.0001,"Time limit
",155287
232,120,69,500,57.0,2.5,1.5,0.99,0.2,0.0001,"Time limit
",132989
233,120,69,500,57.0,2.5,2.0,0.99,0.2,0.0001,"Time limit
",130012
234,120,69,500,57.0,2.5,2.5,0.99,0.2,0.0001,"Time limit
",124596
235,120,69,500,57.0,2.5,3.0,0.99,0.2,0.0001,"Time limit
",119201
236,120,69,500,57.0,2.5,3.5,0.99,0.2,0.0001,"Time limit
",121562
237,120,69,500,57.0,2.5,4.0,0.99,0.2,0.0001,"Time limit
",118894
238,120,69,500,57.0,3.0,0.5,0.99,0.2,0.0001,"Improvement limit
",1427559
239,120,69,500,57.0,3.0,1.0,0.99,0.2,0.0001,"Time limit
",142523
240,120,69,500,57.0,3.0,1.5,0.99,0.2,0.0001,"Time limit
",132061
241,120,69,500,57.0,3.0,2.0,0.99,0.2,0.0001,"Improvement limit
",138404
242,120,69,500,57.0,3.0,2.5,0.99,0.2,0.0001,"Time limit
",125605
243,120,69,500,57.0,3.0,3.0,0.99,0.2,0.0001,"Improvement limit
",121233
244,120,69,500,57.0,3.0,3.5,0.99,0.2,0.0001,"Improvement limit
",122652
245,120,69,500,57.0,3.0,4.0,0.99,0.2,0.0001,"Time limit
",120208
246,120,69,500,57.0,3.5,0.5,0.99,0.2,0.0001,"Improvement limit
",1394243
247,120,69,500,57.0,3.5,1.0,0.99,0.2,0.0001,"Time limit
",133259
248,120,69,500,57.0,3.5,1.5,0.99,0.2,0.0001,"Improvement limit
",131831
249,120,69,500,57.0,3.5,2.0,0.99,0.2,0.0001,"Time limit
",123147
250,120,69,500,57.0,3.5,2.5,0.99,0.2,0.0001,"Improvement limit
",129092
251,120,69,500,57.0,3.5,3.0,0.99,0.2,0.0001,"Improvement limit
",120363
252,120,69,500,57.0,3.5,3.5,0.99,0.2,0.0001,"Improvement limit
",123417
253,120,69,500,57.0,3.5,4.0,0.99,0.2,0.0001,"Improvement limit
",120761
254,120,69,500,57.0,4.0,0.5,0.99,0.2,0.0001,"Time limit
",686070
255,120,69,500,57.0,4.0,1.0,0.99,0.2,0.0001,"Time limit
",131279
256,120,69,500,57.0,4.0,1.5,0.99,0.2,0.0001,"Time limit
",125083
257,120,69,500,57.0,4.0,2.0,0.99,0.2,0.0001,"Improvement limit
",128298
258,120,69,500,57.0,4.0,2.5,0.99,0.2,0.0001,"Improvement limit
",120586
259,120,69,500,57.0,4.0,3.0,0.99,0.2,0.0001,"Improvement limit
",122855
260,120,69,500,57.0,4.0,3.5,0.99,0.2,0.0001,"Improvement limit
",119650
261,120,69,500,57.0,4.0,4.0,0.99,0.2,0.0001,"Improvement limit
",122987
262,120,69,500,57.0,2.0,3.5,0.6400000000000001,0.2,0.0001,"Improvement limit
",123573
263,120,69,500,57.0,2.0,3.5,0.6725210478254342,0.2,0.0001,"Improvement limit
",123928
264,120,69,500,57.0,2.0,3.5,0.7066946246378438,0.2,0.0001,"Improvement limit
",127076
265,120,69,500,57.0,2.0,3.5,0.7426047022719447,0.2,0.0001,"Improvement limit
",128917
266,120,69,500,57.0,2.0,3.5,0.7803395195187859,0.2,0.0001,"Improvement limit
",123576
267,120,69,500,57.0,2.0,3.5,0.8199917989474527,0.2,0.0001,"Improvement limit
",119921
268,120,69,500,57.0,2.0,3.5,0.8616589747443807,0.2,0.0001,"Improvement limit
",120815
269,120,69,500,57.0,2.0,3.5,0.9054434321301255,0.2,0.0001,"Improvement limit
",120944
270,120,69,500,57.0,2.0,3.5,0.9514527589418899,0.2,0.0001,"Improvement limit
",122570
271,120,69,500,57.0,2.0,3.5,0.9998000100000001,0.2,0.0001,"Time limit
",121347
272,120,69,500,57.0,2.0,3.5,0.99,0.1,0.0001,"Time limit
",119604
273,120,69,500,57.0,2.0,3.5,0.99,0.325,0.0001,"Improvement limit
",123672
274,120,69,500,57.0,2.0,3.5,0.99,0.55,0.0001,"Improvement limit
",122542
275,120,69,500,57.0,2.0,3.5,0.99,0.775,0.0001,"Time limit
",122441
276,120,69,500,57.0,2.0,3.5,0.99,1.0,0.0001,"Time limit
",120426
277,120,69,500,57.0,2.0,3.5,0.99,0.2,1.0,"Improvement limit
",181073
278,120,69,500,57.0,2.0,3.5,0.99,0.2,0.01,"Improvement limit
",179148
279,120,69,500,57.0,2.0,3.5,0.99,0.2,0.001,"Time limit
",136779
280,120,69,500,57.0,2.0,3.5,0.99,0.2,0.001,"Time limit
",136779
281,120,69,500,57.0,2.0,3.5,0.99,0.2,0.0001,"Time limit
",122054
282,120,69,500,10.0,2.0,3.5,0.99,0.2,0.0001,"Improvement limit
",121368
283,120,69,500,57.0,2.0,3.5,0.99,0.2,0.0001,"Time limit
",122054
284,120,69,500,103.0,2.0,3.5,0.99,0.2,0.0001,"Time limit
",121970
285,120,69,500,150.0,2.0,3.5,0.99,0.2,0.0001,"Time limit
",123237
286,120,69,500,197.0,2.0,3.5,0.99,0.2,0.0001,"Time limit
",122143
287,120,69,500,243.0,2.0,3.5,0.99,0.2,0.0001,"Time limit
",123486
288,120,69,500,290.0,2.0,3.5,0.99,0.2,0.0001,"Time limit
",124688
289,120,69,500,337.0,2.0,3.5,0.99,0.2,0.0001,"Time limit
",124073
290,120,69,500,383.0,2.0,3.5,0.99,0.2,0.0001,"Time limit
",125765
291,120,69,500,430.0,2.0,3.5,0.99,0.2,0.0001,"Time limit
",124132
292,120,69,500,57.0,0.5,0.5,0.99,0.2,0.0001,"Improvement limit
",1416257
293,120,69,500,57.0,0.5,1.0,0.99,0.2,0.0001,"Improvement limit
",1001621
294,120,69,500,57.0,0.5,1.5,0.99,0.2,0.0001,"Time limit
",449237
295,120,69,500,57.0,0.5,2.0,0.99,0.2,0.0001,"Time limit
",263421
296,120,69,500,57.0,0.5,2.5,0.99,0.2,0.0001,"Time limit
",202282
297,120,69,500,57.0,0.5,3.0,0.99,0.2,0.0001,"Time limit
",167431
298,120,69,500,57.0,0.5,3.5,0.99,0.2,0.0001,"Improvement limit
",154316
299,120,69,500,57.0,0.5,4.0,0.99,0.2,0.0001,"Improvement limit
",149327
300,120,69,500,57.0,1.0,0.5,0.99,0.2,0.0001,"Improvement limit
",1431063
301,120,69,500,57.0,1.0,1.0,0.99,0.2,0.0001,"Improvement limit
",991266
302,120,69,500,57.0,1.0,1.5,0.99,0.2,0.0001,"Time limit
",282301
303,120,69,500,57.0,1.0,2.0,0.99,0.2,0.0001,"Time limit
",184763
304,120,69,500,57.0,1.0,2.5,0.99,0.2,0.0001,"Time limit
",158733
305,120,69,500,57.0,1.0,3.0,0.99,0.2,0.0001,"Time limit
",144511
306,120,69,500,57.0,1.0,3.5,0.99,0.2,0.0001,"Improvement limit
",141216
307,120,69,500,57.0,1.0,4.0,0.99,0.2,0.0001,"Improvement limit
",138960
308,120,69,500,57.0,1.5,0.5,0.99,0.2,0.0001,"Improvement limit
",1403082
309,120,69,500,57.0,1.5,1.0,0.99,0.2,0.0001,"Time limit
",510930
310,120,69,500,57.0,1.5,1.5,0.99,0.2,0.0001,"Time limit
",187432
311,120,69,500,57.0,1.5,2.0,0.99,0.2,0.0001,"Time limit
",149499
312,120,69,500,57.0,1.5,2.5,0.99,0.2,0.0001,"Time limit
",130013
313,120,69,500,57.0,1.5,3.0,0.99,0.2,0.0001,"Time limit
",128502
314,120,69,500,57.0,1.5,3.5,0.99,0.2,0.0001,"Time limit
",122730
315,120,69,500,57.0,1.5,4.0,0.99,0.2,0.0001,"Time limit
",123557
316,120,69,500,57.0,2.0,0.5,0.99,0.2,0.0001,"Improvement limit
",1434040
317,120,69,500,57.0,2.0,1.0,0.99,0.2,0.0001,"Time limit
",257266
318,120,69,500,57.0,2.0,1.5,0.99,0.2,0.0001,"Time limit
",147725
319,120,69,500,57.0,2.0,2.0,0.99,0.2,0.0001,"Time limit
",130379
320,120,69,500,57.0,2.0,2.5,0.99,0.2,0.0001,"Time limit
",124296
321,120,69,500,57.0,2.0,3.0,0.99,0.2,0.0001,"Time limit
",120868
322,120,69,500,57.0,2.0,3.5,0.99,0.2,0.0001,"Time limit
",122054
323,120,69,500,57.0,2.0,4.0,0.99,0.2,0.0001,"Time limit
",122851
324,120,69,500,57.0,2.5,0.5,0.99,0.2,0.0001,"Time limit
",1231358
325,120,69,500,57.0,2.5,1.0,0.99,0.2,0.0001,"Time limit
",155287
326,120,69,500,57.0,2.5,1.5,0.99,0.2,0.0001,"Time limit
",132989
327,120,69,500,57.0,2.5,2.0,0.99,0.2,0.0001,"Time limit
",130012
328,120,69,500,57.0,2.5,2.5,0.99,0.2,0.0001,"Time limit
",124596
329,120,69,500,57.0,2.5,3.0,0.99,0.2,0.0001,"Time limit
",119416
330,120,69,500,57.0,2.5,3.5,0.99,0.2,0.0001,"Time limit
",121562
331,120,69,500,57.0,2.5,4.0,0.99,0.2,0.0001,"Time limit
",118894
332,120,69,500,57.0,3.0,0.5,0.99,0.2,0.0001,"Improvement limit
",1427559
333,120,69,500,57.0,3.0,1.0,0.99,0.2,0.0001,"Time limit
",142523
334,120,69,500,57.0,3.0,1.5,0.99,0.2,0.0001,"Time limit
",132061
335,120,69,500,57.0,3.0,2.0,0.99,0.2,0.0001,"Improvement limit
",138404
336,120,69,500,57.0,3.0,2.5,0.99,0.2,0.0001,"Time limit
",125605
337,120,69,500,57.0,3.0,3.0,0.99,0.2,0.0001,"Improvement limit
",121233
338,120,69,500,57.0,3.0,3.5,0.99,0.2,0.0001,"Improvement limit
",122652
339,120,69,500,57.0,3.0,4.0,0.99,0.2,0.0001,"Time limit
",120208
340,120,69,500,57.0,3.5,0.5,0.99,0.2,0.0001,"Improvement limit
",1394243
341,120,69,500,57.0,3.5,1.0,0.99,0.2,0.0001,"Time limit
",133259
342,120,69,500,57.0,3.5,1.5,0.99,0.2,0.0001,"Improvement limit
",131831
343,120,69,500,57.0,3.5,2.0,0.99,0.2,0.0001,"Time limit
",123147
344,120,69,500,57.0,3.5,2.5,0.99,0.2,0.0001,"Improvement limit
",129092
345,120,69,500,57.0,3.5,3.0,0.99,0.2,0.0001,"Improvement limit
",120363
346,120,69,500,57.0,3.5,3.5,0.99,0.2,0.0001,"Improvement limit
",123417
347,120,69,500,57.0,3.5,4.0,0.99,0.2,0.0001,"Improvement limit
",120761
348,120,69,500,57.0,4.0,0.5,0.99,0.2,0.0001,"Time limit
",686070
349,120,69,500,57.0,4.0,1.0,0.99,0.2,0.0001,"Time limit
",131279
350,120,69,500,57.0,4.0,1.5,0.99,0.2,0.0001,"Time limit
",125083
351,120,69,500,57.0,4.0,2.0,0.99,0.2,0.0001,"Improvement limit
",128298
352,120,69,500,57.0,4.0,2.5,0.99,0.2,0.0001,"Improvement limit
",120586
353,120,69,500,57.0,4.0,3.0,0.99,0.2,0.0001,"Improvement limit
",122855
354,120,69,500,57.0,4.0,3.5,0.99,0.2,0.0001,"Improvement limit
",119650
355,120,69,500,57.0,4.0,4.0,0.99,0.2,0.0001,"Improvement limit
",122987
356,120,69,500,57.0,2.0,3.5,0.6400000000000001,0.2,0.0001,"Improvement limit
",123573
357,120,69,500,57.0,2.0,3.5,0.6725210478254342,0.2,0.0001,"Improvement limit
",123928
358,120,69,500,57.0,2.0,3.5,0.7066946246378438,0.2,0.0001,"Improvement limit
",127076
359,120,69,500,57.0,2.0,3.5,0.7426047022719447,0.2,0.0001,"Improvement limit
",128917
360,120,69,500,57.0,2.0,3.5,0.7803395195187859,0.2,0.0001,"Improvement limit
",123576
361,120,69,500,57.0,2.0,3.5,0.8199917989474527,0.2,0.0001,"Improvement limit
",119921
362,120,69,500,57.0,2.0,3.5,0.8616589747443807,0.2,0.0001,"Improvement limit
",120815
363,120,69,500,57.0,2.0,3.5,0.9054434321301255,0.2,0.0001,"Improvement limit
",120944
364,120,69,500,57.0,2.0,3.5,0.9514527589418899,0.2,0.0001,"Improvement limit
",122570
365,120,69,500,57.0,2.0,3.5,0.9998000100000001,0.2,0.0001,"Time limit
",121347
366,120,69,500,57.0,2.0,3.5,0.99,0.1,0.0001,"Time limit
",119604
367,120,69,500,57.0,2.0,3.5,0.99,0.325,0.0001,"Improvement limit
",123672
368,120,69,500,57.0,2.0,3.5,0.99,0.55,0.0001,"Improvement limit
",122542
369,120,69,500,57.0,2.0,3.5,0.99,0.775,0.0001,"Time limit
",122441
370,120,69,500,57.0,2.0,3.5,0.99,1.0,0.0001,"Time limit
",120426
371,120,69,500,57.0,2.0,3.5,0.99,0.2,1.0,"Improvement limit
",181073
372,120,69,500,57.0,2.0,3.5,0.99,0.2,0.01,"Improvement limit
",179148
373,120,69,500,57.0,2.0,3.5,0.99,0.2,0.001,"Time limit
",136779
374,120,69,500,57.0,2.0,3.5,0.99,0.2,0.001,"Time limit
",136779
375,120,69,500,57.0,2.0,3.5,0.99,0.2,0.0001,"Time limit
",122054
376,120,69,500,10.0,2.0,3.5,0.99,0.2,0.0001,"Improvement limit
",121368
377,120,69,500,57.0,2.0,3.5,0.99,0.2,0.0001,"Time limit
",122054
378,120,69,500,103.0,2.0,3.5,0.99,0.2,0.0001,"Time limit
",121970
379,120,69,500,150.0,2.0,3.5,0.99,0.2,0.0001,"Time limit
",123237
380,120,69,500,197.0,2.0,3.5,0.99,0.2,0.0001,"Time limit
",122143
381,120,69,500,243.0,2.0,3.5,0.99,0.2,0.0001,"Time limit
",123486
382,120,69,500,290.0,2.0,3.5,0.99,0.2,0.0001,"Time limit
",124688
383,120,69,500,337.0,2.0,3.5,0.99,0.2,0.0001,"Time limit
",124073
384,120,69,500,383.0,2.0,3.5,0.99,0.2,0.0001,"Time limit
",125765
385,120,69,500,430.0,2.0,3.5,0.99,0.2,0.0001,"Time limit
",124132
386,120,69,500,57.0,0.5,0.5,0.99,0.2,0.0001,"Improvement limit
",1416257
387,120,69,500,57.0,0.5,1.0,0.99,0.2,0.0001,"Improvement limit
",1001621
388,120,69,500,57.0,0.5,1.5,0.99,0.2,0.0001,"Time limit
",449237
389,120,69,500,57.0,0.5,2.0,0.99,0.2,0.0001,"Time limit
",263421
390,120,69,500,57.0,0.5,2.5,0.99,0.2,0.0001,"Time limit
",202282
391,120,69,500,57.0,0.5,3.0,0.99,0.2,0.0001,"Time limit
",167431
392,120,69,500,57.0,0.5,3.5,0.99,0.2,0.0001,"Improvement limit
",154316
393,120,69,500,57.0,0.5,4.0,0.99,0.2,0.0001,"Improvement limit
",149327
394,120,69,500,57.0,1.0,0.5,0.99,0.2,0.0001,"Improvement limit
",1431063
395,120,69,500,57.0,1.0,1.0,0.99,0.2,0.0001,"Improvement limit
",991266
396,120,69,500,57.0,1.0,1.5,0.99,0.2,0.0001,"Time limit
",283808
397,120,69,500,57.0,1.0,2.0,0.99,0.2,0.0001,"Time limit
",184763
398,120,69,500,57.0,1.0,2.5,0.99,0.2,0.0001,"Time limit
",158733
399,120,69,500,57.0,1.0,3.0,0.99,0.2,0.0001,"Time limit
",144511
400,120,69,500,57.0,1.0,3.5,0.99,0.2,0.0001,"Improvement limit
",141216
401,120,69,500,57.0,1.0,4.0,0.99,0.2,0.0001,"Improvement limit
",138960
402,120,69,500,57.0,1.5,0.5,0.99,0.2,0.0001,"Improvement limit
",1403082
403,120,69,500,57.0,1.5,1.0,0.99,0.2,0.0001,"Time limit
",510930
404,120,69,500,57.0,1.5,1.5,0.99,0.2,0.0001,"Time limit
",187432
405,120,69,500,57.0,1.5,2.0,0.99,0.2,0.0001,"Time limit
",149499
406,120,69,500,57.0,1.5,2.5,0.99,0.2,0.0001,"Time limit
",130013
407,120,69,500,57.0,1.5,3.0,0.99,0.2,0.0001,"Time limit
",128502
408,120,69,500,57.0,1.5,3.5,0.99,0.2,0.0001,"Time limit
",122730
409,120,69,500,57.0,1.5,4.0,0.99,0.2,0.0001,"Time limit
",123557
410,120,69,500,57.0,2.0,0.5,0.99,0.2,0.0001,"Improvement limit
",1434040
411,120,69,500,57.0,2.0,1.0,0.99,0.2,0.0001,"Time limit
",257266
412,120,69,500,57.0,2.0,1.5,0.99,0.2,0.0001,"Time limit
",147725
413,120,69,500,57.0,2.0,2.0,0.99,0.2,0.0001,"Time limit
",130379
414,120,69,500,57.0,2.0,2.5,0.99,0.2,0.0001,"Time limit
",124296
415,120,69,500,57.0,2.0,3.0,0.99,0.2,0.0001,"Time limit
",120868
416,120,69,500,57.0,2.0,3.5,0.99,0.2,0.0001,"Time limit
",122054
417,120,69,500,57.0,2.0,4.0,0.99,0.2,0.0001,"Time limit
",122851
418,120,69,500,57.0,2.5,0.5,0.99,0.2,0.0001,"Time limit
",1231358
419,120,69,500,57.0,2.5,1.0,0.99,0.2,0.0001,"Time limit
",155287
420,120,69,500,57.0,2.5,1.5,0.99,0.2,0.0001,"Time limit
",132989
421,120,69,500,57.0,2.5,2.0,0.99,0.2,0.0001,"Time limit
",130012
422,120,69,500,57.0,2.5,2.5,0.99,0.2,0.0001,"Time limit
",124596
423,120,69,500,57.0,2.5,3.0,0.99,0.2,0.0001,"Time limit
",119201
424,120,69,500,57.0,2.5,3.5,0.99,0.2,0.0001,"Time limit
",121562
425,120,69,500,57.0,2.5,4.0,0.99,0.2,0.0001,"Time limit
",118894
426,120,69,500,57.0,3.0,0.5,0.99,0.2,0.0001,"Improvement limit
",1427559
427,120,69,500,57.0,3.0,1.0,0.99,0.2,0.0001,"Time limit
",142523
428,120,69,500,57.0,3.0,1.5,0.99,0.2,0.0001,"Time limit
",132061
429,120,69,500,57.0,3.0,2.0,0.99,0.2,0.0001,"Improvement limit
",138404
430,120,69,500,57.0,3.0,2.5,0.99,0.2,0.0001,"Time limit
",125605
431,120,69,500,57.0,3.0,3.0,0.99,0.2,0.0001,"Improvement limit
",121233
432,120,69,500,57.0,3.0,3.5,0.99,0.2,0.0001,"Improvement limit
",122652
433,120,69,500,57.0,3.0,4.0,0.99,0.2,0.0001,"Time limit
",120208
434,120,69,500,57.0,3.5,0.5,0.99,0.2,0.0001,"Improvement limit
",1394243
435,120,69,500,57.0,3.5,1.0,0.99,0.2,0.0001,"Time limit
",133259
436,120,69,500,57.0,3.5,1.5,0.99,0.2,0.0001,"Improvement limit
",131831
437,120,69,500,57.0,3.5,2.0,0.99,0.2,0.0001,"Time limit
",123147
438,120,69,500,57.0,3.5,2.5,0.99,0.2,0.0001,"Improvement limit
",129092
439,120,69,500,57.0,3.5,3.0,0.99,0.2,0.0001,"Improvement limit
",120363
440,120,69,500,57.0,3.5,3.5,0.99,0.2,0.0001,"Improvement limit
",123417
441,120,69,500,57.0,3.5,4.0,0.99,0.2,0.0001,"Improvement limit
",120761
442,120,69,500,57.0,4.0,0.5,0.99,0.2,0.0001,"Time limit
",686070
443,120,69,500,57.0,4.0,1.0,0.99,0.2,0.0001,"Time limit
",131279
444,120,69,500,57.0,4.0,1.5,0.99,0.2,0.0001,"Time limit
",125083
445,120,69,500,57.0,4.0,2.0,0.99,0.2,0.0001,"Improvement limit
",128298
446,120,69,500,57.0,4.0,2.5,0.99,0.2,0.0001,"Improvement limit
",120586
447,120,69,500,57.0,4.0,3.0,0.99,0.2,0.0001,"Improvement limit
",122855
448,120,69,500,57.0,4.0,3.5,0.99,0.2,0.0001,"Improvement limit
",119650
449,120,69,500,57.0,4.0,4.0,0.99,0.2,0.0001,"Improvement limit
",122987
450,120,69,500,57.0,2.0,3.5,0.6400000000000001,0.2,0.0001,"Improvement limit
",123573
451,120,69,500,57.0,2.0,3.5,0.6725210478254342,0.2,0.0001,"Improvement limit
",123928
452,120,69,500,57.0,2.0,3.5,0.7066946246378438,0.2,0.0001,"Improvement limit
",127076
453,120,69,500,57.0,2.0,3.5,0.7426047022719447,0.2,0.0001,"Improvement limit
",128917
454,120,69,500,57.0,2.0,3.5,0.7803395195187859,0.2,0.0001,"Improvement limit
",123576
455,120,69,500,57.0,2.0,3.5,0.8199917989474527,0.2,0.0001,"Improvement limit
",119921
456,120,69,500,57.0,2.0,3.5,0.8616589747443807,0.2,0.0001,"Improvement limit
",120815
457,120,69,500,57.0,2.0,3.5,0.9054434321301255,0.2,0.0001,"Improvement limit
",120944
458,120,69,500,57.0,2.0,3.5,0.9514527589418899,0.2,0.0001,"Improvement limit
",122570
459,120,69,500,57.0,2.0,3.5,0.9998000100000001,0.2,0.0001,"Time limit
",121347
460,120,69,500,57.0,2.0,3.5,0.99,0.1,0.0001,"Time limit
",119721
461,120,69,500,57.0,2.0,3.5,0.99,0.325,0.0001,"Improvement limit
",123672
462,120,69,500,57.0,2.0,3.5,0.99,0.55,0.0001,"Improvement limit
",122542
463,120,69,500,57.0,2.0,3.5,0.99,0.775,0.0001,"Time limit
",122441
464,120,69,500,57.0,2.0,3.5,0.99,1.0,0.0001,"Time limit
",120426
465,120,69,500,57.0,2.0,3.5,0.99,0.2,1.0,"Improvement limit
",181073
466,120,69,500,57.0,2.0,3.5,0.99,0.2,0.01,"Improvement limit
",179148
467,120,69,500,57.0,2.0,3.5,0.99,0.2,0.001,"Time limit
",136779
468,120,69,500,57.0,2.0,3.5,0.99,0.2,0.001,"Time limit
",136779
469,120,69,500,57.0,2.0,3.5,0.99,0.2,0.0001,"Time limit
",122054
